id,category,qualifiedName,file_path,not_aosp,old_aosp,isIntrusive,intrusiveModify,refactor
145980,Method,android.view.DisplayCutout.fromBounds,core/java/android/view/DisplayCutout.java,0,-1,1,"{'body_modify': '-', 'param_modify': 'path-region'}",[]
173728,Method,android.widget.AnalogClock.updateContentDescription,core/java/android/widget/AnalogClock.java,0,-1,1,"{'body_modify': '-', 'param_modify': 'time-timeMillis'}",[]
176116,Method,android.widget.DateTimeView.setTime,core/java/android/widget/DateTimeView.java,0,-1,1,"{'body_modify': '-', 'param_modify': 'time-timeMillis'}",[]
529205,Method,com.android.systemui.colorextraction.SysuiColorExtractor.setHasBackdrop,packages/SystemUI/src/com/android/systemui/colorextraction/SysuiColorExtractor.java,0,-1,1,"{'rename': '-', 'body_modify': '-', 'param_modify': 'visible-hasBackdrop'}",[]
540041,Method,com.android.systemui.qs.tiles.DataUsageDetailView.formatDataUsage,packages/SystemUI/src/com/android/systemui/qs/tiles/DataUsageDetailView.java,0,-1,1,"{'rename': '-', 'body_modify': '-', 'param_modify': 'bytes-byteValue', 'return_type_modify': 'java.lang.String-java.lang.CharSequence'}",[]
540075,Method,com.android.systemui.qs.tiles.DndTile.turnOnDND,packages/SystemUI/src/com/android/systemui/qs/tiles/DndTile.java,0,-1,1,"{'method_override_remove': 'override-deleted', 'rename': '-', 'body_modify': '-', 'param_modify': 'show-showDetails'}",[]
576002,Method,com.android.systemui.volume.ZenModePanel.computeAlarmWarningText,packages/SystemUI/src/com/android/systemui/volume/ZenModePanel.java,0,-1,1,"{'body_modify': '-', 'param_modify': 'zenNone-allowAlarms'}",[]
642572,Method,com.android.server.display.HysteresisLevels.HysteresisLevels,services/core/java/com/android/server/display/HysteresisLevels.java,0,-1,1,"{'method_access_modify': 'public-null', 'body_modify': '-', 'param_modify': 'brightLevels darkLevels luxLevels-brighteningThresholds darkeningThresholds thresholdLevels'}",[]
642576,Method,com.android.server.display.HysteresisLevels.getBrighteningThreshold,services/core/java/com/android/server/display/HysteresisLevels.java,0,-1,1,"{'method_access_modify': 'public-null', 'body_modify': '-', 'param_modify': 'lux-value'}",[]
642580,Method,com.android.server.display.HysteresisLevels.getDarkeningThreshold,services/core/java/com/android/server/display/HysteresisLevels.java,0,-1,1,"{'method_access_modify': 'public-null', 'body_modify': '-', 'param_modify': 'lux-value'}",[]
642584,Method,com.android.server.display.HysteresisLevels.getReferenceLevel,services/core/java/com/android/server/display/HysteresisLevels.java,0,-1,1,"{'body_modify': '-', 'param_modify': 'lux referenceLevels-value referenceLevels'}",[]
808174,Method,com.android.server.net.NetworkStatsServiceTest.getActiveIface,tests/net/java/com/android/server/net/NetworkStatsServiceTest.java,0,-1,1,"{'rename': '-', 'body_modify': '-', 'param_modify': 'state-states', 'return_type_modify': 'void-java.lang.String'}",[]
